Pclass,Sex,count,survived_count,survival_rate
1,female,94,91,0.9680851063829787
1,male,122,45,0.36885245901639346
2,female,76,70,0.9210526315789473
2,male,108,17,0.1574074074074074
3,female,144,72,0.5
3,male,347,47,0.13544668587896252
